{
    "a": {
        "Probabilidad de bloqueo": 0.15778,
        "Confidence interval 1": [
            0.156957,
            0.158603
        ],
        "Confidence interval 2": [
            0.156096,
            0.159465
        ]
    },
    "b": {
        "Probabilidad de bloqueo": 0.0365671,
        "Confidence interval 1": [
            0.0361507,
            0.0369835
        ],
        "Confidence interval 2": [
            0.0346402,
            0.038494
        ]
    },
    "c": {
        "Probabilidad de bloqueo": 0.0710205,
        "Confidence interval 1": [
            0.0703487,
            0.0716922
        ],
        "Confidence interval 2": [
            0.0691625,
            0.0728784
        ]
    },
    "d": {
        "Probabilidad de bloqueo": 0.187726,
        "Confidence interval 1": [
            0.186896,
            0.188557
        ],
        "Confidence interval 2": [
            0.186102,
            0.189351
        ]
    },
    "e": {
        "Probabilidad de bloqueo": 0.289426,
        "Confidence interval 1": [
            0.28822,
            0.290632
        ],
        "Confidence interval 2": [
            0.288005,
            0.290847
        ]
    }
}