{
    "a": {
        "Probabilidad de bloqueo": 0.0205661,
        "Confidence interval 1": [
            0.0195434,
            0.0215887
        ],
        "Confidence interval 2": [
            0.0186072,
            0.0225249
        ]
    },
    "b": {
        "Probabilidad de bloqueo": 0.000328294,
        "Confidence interval 1": [
            0.000262326,
            0.000394262
        ],
        "Confidence interval 2": [
            -0.00167105,
            0.00232764
        ]
    },
    "c": {
        "Probabilidad de bloqueo": 0.00068794,
        "Confidence interval 1": [
            0.000546012,
            0.000829868
        ],
        "Confidence interval 2": [
            -0.00131068,
            0.00268656
        ]
    },
    "d": {
        "Probabilidad de bloqueo": 0.0205943,
        "Confidence interval 1": [
            0.0196737,
            0.0215149
        ],
        "Confidence interval 2": [
            0.0186355,
            0.0225532
        ]
    },
    "e": {
        "Probabilidad de bloqueo": 0.0404527,
        "Confidence interval 1": [
            0.0387154,
            0.0421899
        ],
        "Confidence interval 2": [
            0.0385336,
            0.0423718
        ]
    }
}