{
    "a": {
        "Probabilidad de bloqueo": 0.274368,
        "Confidence interval 1": [
            0.27371,
            0.275026
        ],
        "Confidence interval 2": [
            0.272917,
            0.27582
        ]
    },
    "b": {
        "Probabilidad de bloqueo": 0.135211,
        "Confidence interval 1": [
            0.134669,
            0.135752
        ],
        "Confidence interval 2": [
            0.133481,
            0.13694
        ]
    },
    "c": {
        "Probabilidad de bloqueo": 0.249856,
        "Confidence interval 1": [
            0.249196,
            0.250516
        ],
        "Confidence interval 2": [
            0.248356,
            0.251356
        ]
    },
    "d": {
        "Probabilidad de bloqueo": 0.372098,
        "Confidence interval 1": [
            0.371208,
            0.372988
        ],
        "Confidence interval 2": [
            0.370842,
            0.373354
        ]
    },
    "e": {
        "Probabilidad de bloqueo": 0.472828,
        "Confidence interval 1": [
            0.471941,
            0.473715
        ],
        "Confidence interval 2": [
            0.471774,
            0.473883
        ]
    }
}