{
    "a": {
        "Probabilidad de bloqueo": 0.125815,
        "Confidence interval 1": [
            0.125402,
            0.126229
        ],
        "Confidence interval 2": [
            0.124067,
            0.127563
        ]
    },
    "b": {
        "Probabilidad de bloqueo": 0.0400202,
        "Confidence interval 1": [
            0.0397864,
            0.0402539
        ],
        "Confidence interval 2": [
            0.0381002,
            0.0419401
        ]
    },
    "c": {
        "Probabilidad de bloqueo": 0.537185,
        "Confidence interval 1": [
            0.536777,
            0.537593
        ],
        "Confidence interval 2": [
            0.536259,
            0.538111
        ]
    },
    "d": {
        "Probabilidad de bloqueo": 0.218269,
        "Confidence interval 1": [
            0.217716,
            0.218822
        ],
        "Confidence interval 2": [
            0.216706,
            0.219833
        ]
    },
    "e": {
        "Probabilidad de bloqueo": 0.0767963,
        "Confidence interval 1": [
            0.0763692,
            0.0772235
        ],
        "Confidence interval 2": [
            0.0749499,
            0.0786428
        ]
    },
    "f": {
        "Probabilidad de bloqueo": 0.232781,
        "Confidence interval 1": [
            0.23212,
            0.233443
        ],
        "Confidence interval 2": [
            0.231247,
            0.234316
        ]
    },
    "g": {
        "Probabilidad de bloqueo": 0.785445,
        "Confidence interval 1": [
            0.785021,
            0.785869
        ],
        "Confidence interval 2": [
            0.785016,
            0.785874
        ]
    },
    "h": {
        "Probabilidad de bloqueo": 0.38638,
        "Confidence interval 1": [
            0.385556,
            0.387204
        ],
        "Confidence interval 2": [
            0.385153,
            0.387607
        ]
    },
    "i": {
        "Probabilidad de bloqueo": 0.594454,
        "Confidence interval 1": [
            0.594129,
            0.594779
        ],
        "Confidence interval 2": [
            0.593643,
            0.595265
        ]
    },
    "j": {
        "Probabilidad de bloqueo": 0.637372,
        "Confidence interval 1": [
            0.637035,
            0.63771
        ],
        "Confidence interval 2": [
            0.636647,
            0.638098
        ]
    }
}