{
    "a": {
        "Probabilidad de bloqueo": 0.414211,
        "Confidence interval 1": [
            0.413701,
            0.414721
        ],
        "Confidence interval 2": [
            0.413039,
            0.415383
        ]
    },
    "b": {
        "Probabilidad de bloqueo": 0.268306,
        "Confidence interval 1": [
            0.267979,
            0.268634
        ],
        "Confidence interval 2": [
            0.266843,
            0.26977
        ]
    },
    "c": {
        "Probabilidad de bloqueo": 0.463046,
        "Confidence interval 1": [
            0.462543,
            0.463549
        ],
        "Confidence interval 2": [
            0.461972,
            0.46412
        ]
    },
    "d": {
        "Probabilidad de bloqueo": 0.339327,
        "Confidence interval 1": [
            0.338895,
            0.339759
        ],
        "Confidence interval 2": [
            0.338005,
            0.340648
        ]
    },
    "e": {
        "Probabilidad de bloqueo": 0.656906,
        "Confidence interval 1": [
            0.656254,
            0.657558
        ],
        "Confidence interval 2": [
            0.65622,
            0.657592
        ]
    },
    "f": {
        "Probabilidad de bloqueo": 0.317062,
        "Confidence interval 1": [
            0.316667,
            0.317458
        ],
        "Confidence interval 2": [
            0.315696,
            0.318428
        ]
    }
}