{
    "a": {
        "Probabilidad de bloqueo": 0.32478,
        "Confidence interval 1": [
            0.324266,
            0.325294
        ],
        "Confidence interval 2": [
            0.32343,
            0.32613
        ]
    },
    "b": {
        "Probabilidad de bloqueo": 0.175177,
        "Confidence interval 1": [
            0.174813,
            0.175541
        ],
        "Confidence interval 2": [
            0.173527,
            0.176827
        ]
    },
    "c": {
        "Probabilidad de bloqueo": 0.317519,
        "Confidence interval 1": [
            0.317001,
            0.318036
        ],
        "Confidence interval 2": [
            0.316154,
            0.318884
        ]
    },
    "d": {
        "Probabilidad de bloqueo": 0.21229,
        "Confidence interval 1": [
            0.211827,
            0.212752
        ],
        "Confidence interval 2": [
            0.210714,
            0.213865
        ]
    },
    "e": {
        "Probabilidad de bloqueo": 0.543501,
        "Confidence interval 1": [
            0.542637,
            0.544366
        ],
        "Confidence interval 2": [
            0.542588,
            0.544414
        ]
    },
    "f": {
        "Probabilidad de bloqueo": 0.188228,
        "Confidence interval 1": [
            0.187805,
            0.188651
        ],
        "Confidence interval 2": [
            0.186605,
            0.189852
        ]
    }
}