{
    "a": {
        "Probabilidad de bloqueo": 0.192631,
        "Confidence interval 1": [
            0.19181,
            0.193452
        ],
        "Confidence interval 2": [
            0.191016,
            0.194245
        ]
    },
    "b": {
        "Probabilidad de bloqueo": 0.06196,
        "Confidence interval 1": [
            0.0615181,
            0.0624018
        ],
        "Confidence interval 2": [
            0.0600839,
            0.063836
        ]
    },
    "c": {
        "Probabilidad de bloqueo": 0.118596,
        "Confidence interval 1": [
            0.117821,
            0.119371
        ],
        "Confidence interval 2": [
            0.116833,
            0.120359
        ]
    },
    "d": {
        "Probabilidad de bloqueo": 0.0704664,
        "Confidence interval 1": [
            0.0698784,
            0.0710544
        ],
        "Confidence interval 2": [
            0.0686073,
            0.0723254
        ]
    },
    "e": {
        "Probabilidad de bloqueo": 0.347206,
        "Confidence interval 1": [
            0.345971,
            0.348441
        ],
        "Confidence interval 2": [
            0.3459,
            0.348512
        ]
    },
    "f": {
        "Probabilidad de bloqueo": 0.0521573,
        "Confidence interval 1": [
            0.0517176,
            0.0525971
        ],
        "Confidence interval 2": [
            0.0502617,
            0.054053
        ]
    }
}