{
    "a": {
        "Probabilidad de bloqueo": 0.195319,
        "Confidence interval 1": [
            0.194601,
            0.196037
        ],
        "Confidence interval 2": [
            0.193709,
            0.196928
        ]
    },
    "b": {
        "Probabilidad de bloqueo": 0.0667419,
        "Confidence interval 1": [
            0.0663277,
            0.0671562
        ],
        "Confidence interval 2": [
            0.0648754,
            0.0686084
        ]
    },
    "c": {
        "Probabilidad de bloqueo": 0.127454,
        "Confidence interval 1": [
            0.126727,
            0.12818
        ],
        "Confidence interval 2": [
            0.125709,
            0.129199
        ]
    },
    "d": {
        "Probabilidad de bloqueo": 0.212422,
        "Confidence interval 1": [
            0.211668,
            0.213175
        ],
        "Confidence interval 2": [
            0.210847,
            0.213997
        ]
    },
    "e": {
        "Probabilidad de bloqueo": 0.35159,
        "Confidence interval 1": [
            0.35044,
            0.35274
        ],
        "Confidence interval 2": [
            0.350293,
            0.352886
        ]
    },
    "f": {
        "Probabilidad de bloqueo": 0.17522,
        "Confidence interval 1": [
            0.174314,
            0.176125
        ],
        "Confidence interval 2": [
            0.17357,
            0.176869
        ]
    }
}