{
    "a": {
        "Probabilidad de bloqueo": 0.179993,
        "Confidence interval 1": [
            0.179209,
            0.180777
        ],
        "Confidence interval 2": [
            0.178353,
            0.181633
        ]
    },
    "b": {
        "Probabilidad de bloqueo": 0.0549009,
        "Confidence interval 1": [
            0.054571,
            0.0552308
        ],
        "Confidence interval 2": [
            0.0530107,
            0.0567911
        ]
    },
    "c": {
        "Probabilidad de bloqueo": 0.105413,
        "Confidence interval 1": [
            0.104662,
            0.106164
        ],
        "Confidence interval 2": [
            0.103624,
            0.107202
        ]
    },
    "d": {
        "Probabilidad de bloqueo": 0.184186,
        "Confidence interval 1": [
            0.18328,
            0.185091
        ],
        "Confidence interval 2": [
            0.182554,
            0.185817
        ]
    },
    "e": {
        "Probabilidad de bloqueo": 0.324958,
        "Confidence interval 1": [
            0.323661,
            0.326254
        ],
        "Confidence interval 2": [
            0.323607,
            0.326308
        ]
    },
    "f": {
        "Probabilidad de bloqueo": 0.146165,
        "Confidence interval 1": [
            0.145337,
            0.146992
        ],
        "Confidence interval 2": [
            0.144457,
            0.147872
        ]
    }
}