{
    "a": {
        "Probabilidad de bloqueo": 0.277572,
        "Confidence interval 1": [
            0.276922,
            0.278221
        ],
        "Confidence interval 2": [
            0.276127,
            0.279016
        ]
    },
    "b": {
        "Probabilidad de bloqueo": 0.141655,
        "Confidence interval 1": [
            0.141176,
            0.142133
        ],
        "Confidence interval 2": [
            0.139938,
            0.143371
        ]
    },
    "c": {
        "Probabilidad de bloqueo": 0.260035,
        "Confidence interval 1": [
            0.259213,
            0.260857
        ],
        "Confidence interval 2": [
            0.258555,
            0.261515
        ]
    },
    "d": {
        "Probabilidad de bloqueo": 0.359237,
        "Confidence interval 1": [
            0.358622,
            0.359852
        ],
        "Confidence interval 2": [
            0.357956,
            0.360519
        ]
    },
    "e": {
        "Probabilidad de bloqueo": 0.476318,
        "Confidence interval 1": [
            0.475398,
            0.477238
        ],
        "Confidence interval 2": [
            0.475271,
            0.477366
        ]
    },
    "f": {
        "Probabilidad de bloqueo": 0.335049,
        "Confidence interval 1": [
            0.334323,
            0.335776
        ],
        "Confidence interval 2": [
            0.33372,
            0.336379
        ]
    }
}