{
    "a": {
        "Probabilidad de bloqueo": 0.289559,
        "Confidence interval 1": [
            0.288956,
            0.290161
        ],
        "Confidence interval 2": [
            0.288138,
            0.29098
        ]
    },
    "b": {
        "Probabilidad de bloqueo": 0.15352,
        "Confidence interval 1": [
            0.153158,
            0.153881
        ],
        "Confidence interval 2": [
            0.151827,
            0.155213
        ]
    },
    "c": {
        "Probabilidad de bloqueo": 0.280568,
        "Confidence interval 1": [
            0.279958,
            0.281178
        ],
        "Confidence interval 2": [
            0.279129,
            0.282007
        ]
    },
    "d": {
        "Probabilidad de bloqueo": 0.380116,
        "Confidence interval 1": [
            0.379567,
            0.380665
        ],
        "Confidence interval 2": [
            0.378876,
            0.381356
        ]
    },
    "e": {
        "Probabilidad de bloqueo": 0.493041,
        "Confidence interval 1": [
            0.492138,
            0.493945
        ],
        "Confidence interval 2": [
            0.492027,
            0.494055
        ]
    },
    "f": {
        "Probabilidad de bloqueo": 0.35786,
        "Confidence interval 1": [
            0.357168,
            0.358551
        ],
        "Confidence interval 2": [
            0.356575,
            0.359144
        ]
    }
}