{
    "a": {
        "Probabilidad de bloqueo": 0.265382,
        "Confidence interval 1": [
            0.264592,
            0.266172
        ],
        "Confidence interval 2": [
            0.263913,
            0.266851
        ]
    },
    "b": {
        "Probabilidad de bloqueo": 0.129051,
        "Confidence interval 1": [
            0.128586,
            0.129517
        ],
        "Confidence interval 2": [
            0.127309,
            0.130793
        ]
    },
    "c": {
        "Probabilidad de bloqueo": 0.238664,
        "Confidence interval 1": [
            0.237711,
            0.239616
        ],
        "Confidence interval 2": [
            0.237141,
            0.240187
        ]
    },
    "d": {
        "Probabilidad de bloqueo": 0.337229,
        "Confidence interval 1": [
            0.336424,
            0.338035
        ],
        "Confidence interval 2": [
            0.335904,
            0.338555
        ]
    },
    "e": {
        "Probabilidad de bloqueo": 0.458723,
        "Confidence interval 1": [
            0.457645,
            0.4598
        ],
        "Confidence interval 2": [
            0.45764,
            0.459805
        ]
    },
    "f": {
        "Probabilidad de bloqueo": 0.311483,
        "Confidence interval 1": [
            0.310861,
            0.312105
        ],
        "Confidence interval 2": [
            0.310106,
            0.31286
        ]
    }
}