{
    "a": {
        "Probabilidad de bloqueo": 0.145127,
        "Confidence interval 1": [
            0.144106,
            0.146148
        ],
        "Confidence interval 2": [
            0.143417,
            0.146837
        ]
    },
    "b": {
        "Probabilidad de bloqueo": 0.033347,
        "Confidence interval 1": [
            0.0329698,
            0.0337243
        ],
        "Confidence interval 2": [
            0.0314137,
            0.0352804
        ]
    },
    "c": {
        "Probabilidad de bloqueo": 0.0648387,
        "Confidence interval 1": [
            0.0641913,
            0.0654861
        ],
        "Confidence interval 2": [
            0.0629684,
            0.066709
        ]
    },
    "d": {
        "Probabilidad de bloqueo": 0.128647,
        "Confidence interval 1": [
            0.127375,
            0.12992
        ],
        "Confidence interval 2": [
            0.126905,
            0.13039
        ]
    },
    "e": {
        "Probabilidad de bloqueo": 0.268061,
        "Confidence interval 1": [
            0.266665,
            0.269457
        ],
        "Confidence interval 2": [
            0.266597,
            0.269525
        ]
    },
    "f": {
        "Probabilidad de bloqueo": 0.0889888,
        "Confidence interval 1": [
            0.0880647,
            0.0899129
        ],
        "Confidence interval 2": [
            0.0871668,
            0.0908108
        ]
    }
}