{
    "a": {
        "Probabilidad de bloqueo": 0.00175558,
        "Confidence interval 1": [
            0.000941153,
            0.00257001
        ],
        "Confidence interval 2": [
            -0.000240905,
            0.00375207
        ]
    },
    "b": {
        "Probabilidad de bloqueo": 1.62912e-05,
        "Confidence interval 1": [
            -1.96321e-05,
            5.22145e-05
        ],
        "Confidence interval 2": [
            -0.00198368,
            0.00201626
        ]
    },
    "c": {
        "Probabilidad de bloqueo": 0.0,
        "Confidence interval 1": [
            0.0,
            0.0
        ],
        "Confidence interval 2": [
            NaN,
            NaN
        ]
    },
    "d": {
        "Probabilidad de bloqueo": 9.77772e-05,
        "Confidence interval 1": [
            -6.12204e-05,
            0.000256775
        ],
        "Confidence interval 2": [
            -0.00190203,
            0.00209758
        ]
    },
    "e": {
        "Probabilidad de bloqueo": 0.00414201,
        "Confidence interval 1": [
            0.00227485,
            0.00600918
        ],
        "Confidence interval 2": [
            0.0021503,
            0.00613373
        ]
    },
    "f": {
        "Probabilidad de bloqueo": 0.0,
        "Confidence interval 1": [
            0.0,
            0.0
        ],
        "Confidence interval 2": [
            NaN,
            NaN
        ]
    }
}